genome_id	genome	genus	species
Alteromonas_mediterranea_DE	Alteromonas mediterranea DE	Alteromonas	Alteromonas mediterranea
Alteromonas_naphthalenivorans_SN2	Alteromonas naphthalenivorans SN2	Alteromonas	Alteromonas naphthalenivorans
Alteromonas_macleodii_English_Channel_673	Alteromonas macleodii English Channel 673	Alteromonas	Alteromonas macleodii
Alteromonas_macleodii_Black_Sea_11	Alteromonas macleodii Black Sea 11	Alteromonas	Alteromonas macleodii
Alteromonas_macleodii_AltDE1	Alteromonas mediterranea AltDE1	Alteromonas	Alteromonas mediterranea
Alteromonas_macleodii_Balearic_Sea_AD45	Alteromonas macleodii Balearic Sea AD45	Alteromonas	Alteromonas macleodii
Alteromonas_sp_ALT199	Alteromonas sp. ALT199	Alteromonas	Alteromonas sp.
Alteromonas_macleodii__Aegean_Sea_MED64_	Alteromonas mediterranea Aegean Sea MED64 	Alteromonas	Alteromonas mediterranea
Alteromonas_macleodii__Ionian_Sea_U7_	Alteromonas mediterranea Ionian Sea U7 	Alteromonas	Alteromonas mediterranea
Alteromonas_macleodii__Ionian_Sea_U8_	Alteromonas mediterranea Ionian Sea U8 	Alteromonas	Alteromonas mediterranea
Alteromonas_macleodii__Ionian_Sea_UM4b_	Alteromonas mediterranea Ionian Sea UM4b 	Alteromonas	Alteromonas mediterranea
Alteromonas_macleodii_ATCC_27126	Alteromonas macleodii ATCC 27126	Alteromonas	Alteromonas macleodii
Alteromonas_macleodii__Ionian_Sea_U4_	Alteromonas mediterranea Ionian Sea U4 	Alteromonas	Alteromonas mediterranea
Alteromonas_macleodii__Ionian_Sea_UM7_	Alteromonas mediterranea Ionian Sea UM7 	Alteromonas	Alteromonas mediterranea
Alteromonas_macleodii__English_Channel_615_	Alteromonas mediterranea English Channel 615 	Alteromonas	Alteromonas mediterranea
Alteromonas_australica_H17	Alteromonas australica H17	Alteromonas	Alteromonas australica
Alteromonas_australica_DE170	Alteromonas australica DE170	Alteromonas	Alteromonas australica
Alteromonas_stellipolaris_LMG21856	Alteromonas stellipolaris LMG21856	Alteromonas	Alteromonas stellipolaris
Alteromonas_stellipolaris_PQQ_42	Alteromonas stellipolaris PQQ 42	Alteromonas	Alteromonas stellipolaris
Alteromonas_macleodii_D7	Alteromonas macleodii D7	Alteromonas	Alteromonas macleodii
Alteromonas_stellipolaris_PQQ_44	Alteromonas stellipolaris PQQ 44	Alteromonas	Alteromonas stellipolaris
Alteromonas_sp_Mac1	Alteromonas sp. Mac1	Alteromonas	Alteromonas sp.
Alteromonas_sp_Mac2	Alteromonas sp. Mac2	Alteromonas	Alteromonas sp.
Alteromonas_macleodii_HOT1A3	Alteromonas macleodii HOT1A3	Alteromonas	Alteromonas macleodii
Alteromonas_stellipolaris_LMG_21861	Alteromonas stellipolaris LMG 21861	Alteromonas	Alteromonas stellipolaris
Alteromonas_mediterranea_U10	Alteromonas mediterranea U10	Alteromonas	Alteromonas mediterranea
Alteromonas_mediterranea_UM8	Alteromonas mediterranea UM8	Alteromonas	Alteromonas mediterranea
Alteromonas_stellipolaris_R10SW13	Alteromonas stellipolaris R10SW13	Alteromonas	Alteromonas stellipolaris
Alteromonas_sp_BZK5	Alteromonas sp. BZK5	Alteromonas	Alteromonas sp.
Alteromonas_sp_I10	Alteromonas sp. I10	Alteromonas	Alteromonas sp.
Alteromonas_sp_Mex14	Alteromonas sp. Mex14	Alteromonas	Alteromonas sp.
Alteromonas_mediterranea_CP48	Alteromonas mediterranea CP48	Alteromonas	Alteromonas mediterranea
Alteromonas_sp_RW2A1	Alteromonas sp. RW2A1	Alteromonas	Alteromonas sp.
Alteromonas_mediterranea_AR43	Alteromonas mediterranea AR43	Alteromonas	Alteromonas mediterranea
Alteromonas_mediterranea_CP49	Alteromonas mediterranea CP49	Alteromonas	Alteromonas mediterranea
Alteromonas_mediterranea_RG65	Alteromonas mediterranea RG65	Alteromonas	Alteromonas mediterranea
Alteromonas_sp_TK_46_2__DSM_26665	Alteromonas sp. TK 46 2 DSM 26665	Alteromonas	Alteromonas sp.
Alteromonas_macleodii_BGP6	Alteromonas macleodii BGP6	Alteromonas	Alteromonas macleodii
Alteromonas_macleodii_BGP9	Alteromonas macleodii BGP9	Alteromonas	Alteromonas macleodii
Alteromonas_macleodii_BGP14	Alteromonas macleodii BGP14	Alteromonas	Alteromonas macleodii
Alteromonas_macleodii_MIT1002_Genome_closure	Alteromonas macleodii MIT1002 Genome closure	Alteromonas	Alteromonas macleodii
Alteromonas_sp_LTR	Alteromonas sp. LTR	Alteromonas	Alteromonas sp.
Alteromonas_sp_MB_3u_76	Alteromonas sp. MB 3u 76	Alteromonas	Alteromonas sp.
Alteromonas_macleodii_EZ55	Alteromonas macleodii EZ55	Alteromonas	Alteromonas macleodii
Alteromonas_pelagimontana_512	Alteromonas pelagimontana 512	Alteromonas	Alteromonas pelagimontana
Alteromonas_aestuariivivens_KCTC_52655	Alteromonas aestuariivivens KCTC 52655	Alteromonas	Alteromonas aestuariivivens
Alteromonas_lipolytica_JW12	Alteromonas lipolytica JW12	Alteromonas	Alteromonas lipolytica
Alteromonas_sp_RKMC_009	Alteromonas sp. RKMC 009	Alteromonas	Alteromonas sp.
Alteromonas_macleodii_Te101	Alteromonas macleodii Te101	Alteromonas	Alteromonas macleodii
Alteromonas_abrolhosensis_PEL_68C	Alteromonas abrolhosensis PEL 68C	Alteromonas	Alteromonas abrolhosensis
Alteromonas_alba_190	Alteromonas alba 190	Alteromonas	Alteromonas alba
Alteromonas_confluentis_KCTC_42603	Alteromonas confluentis KCTC 42603	Alteromonas	Alteromonas confluentis
Alteromonas_indica_IO390401	Alteromonas indica IO390401	Alteromonas	Alteromonas indica
Alteromonas_sp_V450	Alteromonas sp. V450	Alteromonas	Alteromonas sp.
Alteromonas_oceani_S35	Alteromonas oceani S35	Alteromonas	Alteromonas oceani
Alteromonas_abrolhosensis_PEL_67E	Alteromonas abrolhosensis PEL 67E	Alteromonas	Alteromonas abrolhosensis
Alteromonas_sp_LOR	Alteromonas sp. LOR	Alteromonas	Alteromonas sp.
Alteromonas_sp_KUL49	Alteromonas sp. KUL49	Alteromonas	Alteromonas sp.
Alteromonas_portus_HB161718	Alteromonas portus HB161718	Alteromonas	Alteromonas portus
Alteromonas_ponticola_MYP5	Alteromonas ponticola MYP5	Alteromonas	Alteromonas ponticola
Alteromonas_sp_KUL106	Alteromonas sp. KUL106	Alteromonas	Alteromonas sp.
Alteromonas_sp_KS69	Alteromonas sp. KS69	Alteromonas	Alteromonas sp.
Alteromonas_sediminis_U0105	Alteromonas sediminis U0105	Alteromonas	Alteromonas sediminis
Alteromonas_sp_KUL150	Alteromonas sp. KUL150	Alteromonas	Alteromonas sp.
Alteromonas_sp_KUL17	Alteromonas sp. KUL17	Alteromonas	Alteromonas sp.
Alteromonas_sp_KUL42	Alteromonas sp. KUL42	Alteromonas	Alteromonas sp.
Alteromonas_sp_07_89_2	Alteromonas sp. 07 89 2	Alteromonas	Alteromonas sp.
Alteromonas_macleodii_QZ9_9	Alteromonas macleodii QZ9 9	Alteromonas	Alteromonas macleodii
Alteromonas_macleodii_83_1	Alteromonas macleodii 83 1	Alteromonas	Alteromonas macleodii
Alteromonas_mediterranea_PT11	Alteromonas mediterranea PT11	Alteromonas	Alteromonas mediterranea
Alteromonas_mediterranea_PT15	Alteromonas mediterranea PT15	Alteromonas	Alteromonas mediterranea
Alteromonas_mediterranea_AltCH17	Alteromonas mediterranea AltCH17	Alteromonas	Alteromonas mediterranea
Alteromonas_sp_BL110	Alteromonas sp. BL110	Alteromonas	Alteromonas sp.
Alteromonas_sp_76_1	Alteromonas sp. 76 1	Alteromonas	Alteromonas sp.
Alteromonas_sp_B31_7	Alteromonas sp. B31 7	Alteromonas	Alteromonas sp.
Alteromonas_sp_KC3	Alteromonas sp. KC3	Alteromonas	Alteromonas sp.
Alteromonas_sp_KC14	Alteromonas sp. KC14	Alteromonas	Alteromonas sp.
Alteromonas_sp_LMIT006	Alteromonas sp. LMIT006	Alteromonas	Alteromonas sp.
Alteromonas_macleodii_REDSEA_S09_B2	Alteromonas macleodii REDSEA S09 B2	Alteromonas	Alteromonas macleodii
Alteromonas_macleodii_REDSEA_S10_B9	Alteromonas macleodii REDSEA S10 B9	Alteromonas	Alteromonas macleodii
Alteromonas_macleodii_REDSEA_S12_B5	Alteromonas macleodii REDSEA S12 B5	Alteromonas	Alteromonas macleodii
Alteromonas_macleodii_REDSEA_S14_B11	Alteromonas macleodii REDSEA S14 B11	Alteromonas	Alteromonas macleodii
Alteromonas_macleodii_REDSEA_S15_B11	Alteromonas macleodii REDSEA S15 B11	Alteromonas	Alteromonas macleodii
Alteromonas_sp_ARS20	Alteromonas sp. ARS20	Alteromonas	Alteromonas sp.
Alteromonas_sp_CPC291	Alteromonas sp. CPC291	Alteromonas	Alteromonas sp.
Alteromonas_sp_CPC327	Alteromonas sp. CPC327	Alteromonas	Alteromonas sp.
Alteromonas_sp_EAC615	Alteromonas sp. EAC615	Alteromonas	Alteromonas sp.
Alteromonas_sp_EAC37	Alteromonas sp. EAC37	Alteromonas	Alteromonas sp.
Alteromonas_sp_CPC94	Alteromonas sp. CPC94	Alteromonas	Alteromonas sp.
Alteromonas_sp_MED668	Alteromonas sp. MED668	Alteromonas	Alteromonas sp.
Alteromonas_sp_MED681	Alteromonas sp. MED681	Alteromonas	Alteromonas sp.
Alteromonas_sp_NAT174	Alteromonas sp. NAT174	Alteromonas	Alteromonas sp.
Alteromonas_sp_NP46	Alteromonas sp. NP46	Alteromonas	Alteromonas sp.
Alteromonas_sp_RS411	Alteromonas sp. RS411	Alteromonas	Alteromonas sp.
Alteromonas_sp_NP15	Alteromonas sp. NP15	Alteromonas	Alteromonas sp.
Alteromonas_sp_IN32	Alteromonas sp. IN32	Alteromonas	Alteromonas sp.
Alteromonas_macleodii_SAMN07137114	Alteromonas macleodii BATS HCBNBPJK 	Alteromonas	Alteromonas macleodii
Alteromonas_macleodii_SAMN07136589	Alteromonas macleodii BGEO DDMJICEB 	Alteromonas	Alteromonas macleodii
Alteromonas_mediterranea_SAMN07136708	Alteromonas mediterranea BGEO BAHNCNMJ 	Alteromonas	Alteromonas mediterranea
Alteromonas_australica_SAMN07136708	Alteromonas australica BGEO KMOHFEJM 	Alteromonas	Alteromonas australica
Alteromonas_sp_SAMN07136709	Alteromonas sp. BGEO OCCKODGL 	Alteromonas	Alteromonas sp.
Alteromonas_australica_SAMN07136710	Alteromonas australica BGEO AFAMJGBL 	Alteromonas	Alteromonas australica
Alteromonas_mediterranea_SAMN07136710	Alteromonas mediterranea BGEO KAKDCGPF 	Alteromonas	Alteromonas mediterranea
Alteromonas_naphthalenivorans_SAMN07136711	Alteromonas naphthalenivorans BGEO EOPKMDLC 	Alteromonas	Alteromonas naphthalenivorans
Alteromonas_macleodii_SAMN07136711	Alteromonas macleodii BGEO NHALNJBN 	Alteromonas	Alteromonas macleodii
Alteromonas_sp_SAMN07136715	Alteromonas sp. BGEO KOEDIAMF 	Alteromonas	Alteromonas sp.
Alteromonas_macleodii_SAMN07136718	Alteromonas macleodii BGEO FMLMDJCG 	Alteromonas	Alteromonas macleodii
Alteromonas_macleodii_SAMN05421563	Alteromonas macleodii MALA OGDDIGDA 	Alteromonas	Alteromonas macleodii
Alteromonas_macleodii_SAMN05421660	Alteromonas macleodii MALA BCLNBHCC 	Alteromonas	Alteromonas macleodii
Alteromonas_australica_SAMN05421660	Alteromonas australica MALA DPEMGBDK 	Alteromonas	Alteromonas australica
Alteromonas_macleodii_SAMN05421699	Alteromonas macleodii MALA LKMOJPCD 	Alteromonas	Alteromonas macleodii
Alteromonas_macleodii_SAMN05421706	Alteromonas macleodii MALA CKJAFDPA 	Alteromonas	Alteromonas macleodii
Alteromonas_macleodii_SAMN05421707	Alteromonas macleodii MALA GFCKOHMB 	Alteromonas	Alteromonas macleodii
Alteromonas_macleodii_SAMN05421901	Alteromonas macleodii MALA KALOONEP 	Alteromonas	Alteromonas macleodii
Alteromonas_macleodii_SAMN05421913	Alteromonas macleodii MALA FAHHIFON 	Alteromonas	Alteromonas macleodii
Alteromonas_australica_SAMN05422104	Alteromonas australica MALA FCEGNAFB 	Alteromonas	Alteromonas australica
Alteromonas_macleodii_SAMN05422104	Alteromonas macleodii MALA PHLAGPEP 	Alteromonas	Alteromonas macleodii
Alteromonas_macleodii_SAMN05422106	Alteromonas macleodii MALA IKNIELCH 	Alteromonas	Alteromonas macleodii
Alteromonas_macleodii_SAMN05422107	Alteromonas macleodii MALA FBOLMPMJ 	Alteromonas	Alteromonas macleodii
Alteromonas_macleodii_SAMN05422110	Alteromonas macleodii MALA AHCIDJHN 	Alteromonas	Alteromonas macleodii
Alteromonas_macleodii_SAMN05422113	Alteromonas macleodii MALA BGGGCIFH 	Alteromonas	Alteromonas macleodii
Alteromonas_macleodii_SAMN05422114	Alteromonas macleodii MALA HDMCNFBK 	Alteromonas	Alteromonas macleodii
Alteromonas_macleodii_SAMN05422115	Alteromonas macleodii MALA EILAGLKN 	Alteromonas	Alteromonas macleodii
Alteromonas_macleodii_SAMN05422117	Alteromonas macleodii MALA EAAGNDHC 	Alteromonas	Alteromonas macleodii
Alteromonas_confluentis_SAMN05422120	Alteromonas confluentis MALA BOFCDAAO 	Alteromonas	Alteromonas confluentis
Alteromonas_macleodii_SAMN05422120	Alteromonas macleodii MALA GPIHLFDL 	Alteromonas	Alteromonas macleodii
Alteromonas_sp_SAMN05422120	Alteromonas sp. MALA NDMHKPKD 	Alteromonas	Alteromonas sp.
Alteromonas_macleodii_SAMN05422121	Alteromonas macleodii MALA EKAOPGOL 	Alteromonas	Alteromonas macleodii
Alteromonas_australica_SAMN05422121	Alteromonas australica MALA OGAMKLHO 	Alteromonas	Alteromonas australica
Alteromonas_macleodii_SAMN05422122	Alteromonas macleodii MALA JKIINEFM 	Alteromonas	Alteromonas macleodii
Alteromonas_macleodii_SAMN05422123	Alteromonas macleodii MALA AHNLNHFL 	Alteromonas	Alteromonas macleodii
Alteromonas_macleodii_SAMN05422127	Alteromonas macleodii MALA GFKECADP 	Alteromonas	Alteromonas macleodii
Alteromonas_macleodii_SAMN05422128	Alteromonas macleodii MALA GFOMCGFD 	Alteromonas	Alteromonas macleodii
Alteromonas_sp_SAMN05422130	Alteromonas sp. MALA DBLLJBCG 	Alteromonas	Alteromonas sp.
Alteromonas_macleodii_SAMN05422130	Alteromonas macleodii MALA LKGLPHMF 	Alteromonas	Alteromonas macleodii
Alteromonas_macleodii_SAMN05422133	Alteromonas macleodii MALA NBFINJIH 	Alteromonas	Alteromonas macleodii
Alteromonas_macleodii_SAMN05422138	Alteromonas macleodii MALA COKPJGJJ 	Alteromonas	Alteromonas macleodii
Alteromonas_macleodii_SAMN05422143	Alteromonas macleodii MALA FOMAMBOG 	Alteromonas	Alteromonas macleodii
Alteromonas_macleodii_SAMN05422149	Alteromonas macleodii MALA GLMHGCOP 	Alteromonas	Alteromonas macleodii
Alteromonas_macleodii_SAMN05422152	Alteromonas macleodii MALA HBNHKFJL 	Alteromonas	Alteromonas macleodii
Alteromonas_macleodii_SAMN05422153	Alteromonas macleodii MALA NIGOHOLK 	Alteromonas	Alteromonas macleodii
Alteromonas_macleodii_SAMN05422164	Alteromonas macleodii MALA ENHHGIGI 	Alteromonas	Alteromonas macleodii
Alteromonas_mediterranea_SAMN05422165	Alteromonas mediterranea MALA JAPLNBCC 	Alteromonas	Alteromonas mediterranea
Alteromonas_macleodii_SAMN05422165	Alteromonas macleodii MALA PMFBPPCL 	Alteromonas	Alteromonas macleodii
Alteromonas_macleodii_SAMN05422168	Alteromonas macleodii MALA KJDAIKNE 	Alteromonas	Alteromonas macleodii
Alteromonas_macleodii_SAMN05422169	Alteromonas macleodii MALA JIKBLNIN 	Alteromonas	Alteromonas macleodii
Alteromonas_macleodii_SAMN05422183	Alteromonas macleodii MALA FCADMKDN 	Alteromonas	Alteromonas macleodii
Alteromonas_macleodii_SAMN05422188	Alteromonas macleodii MALA NPFLJJIF 	Alteromonas	Alteromonas macleodii
Alteromonas_macleodii_SAMN05422191	Alteromonas macleodii MALA FAHFBJCK 	Alteromonas	Alteromonas macleodii
Alteromonas_macleodii_SAMN05422195	Alteromonas macleodii MALA GNIPIPMH 	Alteromonas	Alteromonas macleodii
Alteromonas_macleodii_SAMN05422226	Alteromonas macleodii MALA LFOGBKLO 	Alteromonas	Alteromonas macleodii
Alteromonas_macleodii_SAMN05578452	Alteromonas macleodii MARD MMP05578452 	Alteromonas	Alteromonas macleodii
Alteromonas_gracilis_SAMN07626136	Alteromonas gracilis MARD MMP07626136 	Alteromonas	Alteromonas gracilis
Alteromonas_sp_SAMN10134660	Alteromonas sp. MARD MMP10134660 	Alteromonas	Alteromonas sp.
Alteromonas_sp_SAMN10233659	Alteromonas sp. MARD MMP10233659 	Alteromonas	Alteromonas sp.
Alteromonas_sp_SAMEA2591057	Alteromonas sp. TARA JFGAADBD 	Alteromonas	Alteromonas sp.
Alteromonas_sp_SAMEA2591074_BGMPHGLH	Alteromonas sp. TARA BGMPHGLH 	Alteromonas	Alteromonas sp.
Alteromonas_sp_SAMEA2591074	Alteromonas sp. TARA CINEHBFE 	Alteromonas	Alteromonas sp.
Alteromonas_mediterranea_SAMEA2591074	Alteromonas mediterranea TARA KDMPNFOL 	Alteromonas	Alteromonas mediterranea
Alteromonas_macleodii_SAMEA2591098	Alteromonas macleodii TARA ELBPFDCK 	Alteromonas	Alteromonas macleodii
Alteromonas_mediterranea_SAMEA2591132	Alteromonas mediterranea TARA GGHCBOPN 	Alteromonas	Alteromonas mediterranea
Alteromonas_australica_SAMEA2591132	Alteromonas australica TARA KHLCFNJJ 	Alteromonas	Alteromonas australica
Alteromonas_macleodii_SAMEA2619678	Alteromonas macleodii TARA EIFLFJDP 	Alteromonas	Alteromonas macleodii
Alteromonas_macleodii_SAMEA2619907	Alteromonas macleodii TARA NBBOJICC 	Alteromonas	Alteromonas macleodii
Alteromonas_macleodii_SAMEA2619952	Alteromonas macleodii TARA EMJBGBGK 	Alteromonas	Alteromonas macleodii
Alteromonas_macleodii_SAMEA2619970	Alteromonas macleodii TARA GKNKAGAI 	Alteromonas	Alteromonas macleodii
Alteromonas_australica_SAMEA2619974	Alteromonas australica TARA DFCIFEPC 	Alteromonas	Alteromonas australica
Alteromonas_macleodii_SAMEA2619974	Alteromonas macleodii TARA MIENHEPK 	Alteromonas	Alteromonas macleodii
Alteromonas_macleodii_SAMEA2620000	Alteromonas macleodii TARA KDOCHGCC 	Alteromonas	Alteromonas macleodii
Alteromonas_macleodii_SAMEA2620021	Alteromonas macleodii TARA NHAIJEJL 	Alteromonas	Alteromonas macleodii
Alteromonas_macleodii_SAMEA2620035	Alteromonas macleodii TARA KKMHIJLM 	Alteromonas	Alteromonas macleodii
Alteromonas_macleodii_SAMEA2620065	Alteromonas macleodii TARA EFBPEMOE 	Alteromonas	Alteromonas macleodii
Alteromonas_australica_SAMEA2620065	Alteromonas australica TARA OKKLCHLP 	Alteromonas	Alteromonas australica
Alteromonas_macleodii_SAMEA2620097	Alteromonas macleodii TARA LMDFIENN 	Alteromonas	Alteromonas macleodii
Alteromonas_macleodii_SAMEA2620194	Alteromonas macleodii TARA JCEANMAI 	Alteromonas	Alteromonas macleodii
Alteromonas_australica_SAMEA2620198	Alteromonas australica TARA KLFKEFEP 	Alteromonas	Alteromonas australica
Alteromonas_mediterranea_SAMEA2620198	Alteromonas mediterranea TARA NOKDNNFF 	Alteromonas	Alteromonas mediterranea
Alteromonas_australica_SAMEA2620217	Alteromonas australica TARA KNGANELN 	Alteromonas	Alteromonas australica
Alteromonas_macleodii_SAMEA2620217	Alteromonas macleodii TARA OENHAHFA 	Alteromonas	Alteromonas macleodii
Alteromonas_macleodii_SAMEA2620259	Alteromonas macleodii TARA OHBFMFFC 	Alteromonas	Alteromonas macleodii
Alteromonas_macleodii_SAMEA2620413	Alteromonas macleodii TARA HJGOFLNN 	Alteromonas	Alteromonas macleodii
Alteromonas_macleodii_SAMEA2620542	Alteromonas macleodii TARA MEOGFAGI 	Alteromonas	Alteromonas macleodii
Alteromonas_macleodii_SAMEA2620734	Alteromonas macleodii TARA NONNIGNP 	Alteromonas	Alteromonas macleodii
Alteromonas_macleodii_SAMEA2620815	Alteromonas macleodii TARA EEKNENIE 	Alteromonas	Alteromonas macleodii
Alteromonas_macleodii_SAMEA2620828	Alteromonas macleodii TARA NCPOODDG 	Alteromonas	Alteromonas macleodii
Alteromonas_macleodii_SAMEA2620882	Alteromonas macleodii TARA GFDHHHGO 	Alteromonas	Alteromonas macleodii
Alteromonas_australica_SAMEA2620882	Alteromonas australica TARA GJEPBGGD 	Alteromonas	Alteromonas australica
Alteromonas_australica_SAMEA2620995	Alteromonas australica TARA BFDFBIKP 	Alteromonas	Alteromonas australica
Alteromonas_macleodii_SAMEA2620995	Alteromonas macleodii TARA JALHFPLJ 	Alteromonas	Alteromonas macleodii
Alteromonas_australica_SAMEA2621013	Alteromonas australica TARA FHBCEPPH 	Alteromonas	Alteromonas australica
Alteromonas_australica_SAMEA2621020	Alteromonas australica TARA DGKNMHLE 	Alteromonas	Alteromonas australica
Alteromonas_australica_SAMEA2621021	Alteromonas australica TARA JAJGGMJP 	Alteromonas	Alteromonas australica
Alteromonas_macleodii_SAMEA2621021	Alteromonas macleodii TARA MKIGFGMC 	Alteromonas	Alteromonas macleodii
Alteromonas_australica_SAMEA2621037	Alteromonas australica TARA BOIEAKJP 	Alteromonas	Alteromonas australica
Alteromonas_macleodii_SAMEA2621037	Alteromonas macleodii TARA GHKOIDBF 	Alteromonas	Alteromonas macleodii
Alteromonas_macleodii_SAMEA2621044	Alteromonas macleodii TARA JOAMDGOD 	Alteromonas	Alteromonas macleodii
Alteromonas_australica_SAMEA2621044	Alteromonas australica TARA NOLHAABM 	Alteromonas	Alteromonas australica
Alteromonas_australica_SAMEA2621045	Alteromonas australica TARA OHODKCPK 	Alteromonas	Alteromonas australica
Alteromonas_australica_SAMEA2621066	Alteromonas australica TARA EHDOKGKK 	Alteromonas	Alteromonas australica
Alteromonas_sp_SAMEA2621076	Alteromonas sp. TARA AJABBKHB 	Alteromonas	Alteromonas sp.
Alteromonas_australica_SAMEA2621076	Alteromonas australica TARA GINCPJEM 	Alteromonas	Alteromonas australica
Alteromonas_macleodii_SAMEA2621076	Alteromonas macleodii TARA KBKFGPDA 	Alteromonas	Alteromonas macleodii
Alteromonas_sp_SAMEA2621092	Alteromonas sp. TARA COOHPKLC 	Alteromonas	Alteromonas sp.
Alteromonas_australica_SAMEA2621092	Alteromonas australica TARA JEDFGNEM 	Alteromonas	Alteromonas australica
Alteromonas_australica_SAMEA2621099	Alteromonas australica TARA AKPJHAOI 	Alteromonas	Alteromonas australica
Alteromonas_macleodii_SAMEA2621099	Alteromonas macleodii TARA HKJHHJDF 	Alteromonas	Alteromonas macleodii
Alteromonas_australica_SAMEA2621101	Alteromonas australica TARA LOPADGMB 	Alteromonas	Alteromonas australica
Alteromonas_australica_SAMEA2621132	Alteromonas australica TARA LILFEADH 	Alteromonas	Alteromonas australica
Alteromonas_australica_SAMEA2621155	Alteromonas australica TARA BMEOCPIO 	Alteromonas	Alteromonas australica
Alteromonas_macleodii_SAMEA2621155	Alteromonas macleodii TARA FAPDAFJA 	Alteromonas	Alteromonas macleodii
Alteromonas_australica_SAMEA2621176	Alteromonas australica TARA JENGLJNG 	Alteromonas	Alteromonas australica
Alteromonas_macleodii_SAMEA2621204	Alteromonas macleodii TARA BCMHBGAK 	Alteromonas	Alteromonas macleodii
Alteromonas_australica_SAMEA2621204	Alteromonas australica TARA JIFCLNHI 	Alteromonas	Alteromonas australica
Alteromonas_macleodii_SAMEA2622695	Alteromonas macleodii TARA CLGIMKPC 	Alteromonas	Alteromonas macleodii
Alteromonas_australica_SAMEA2622695	Alteromonas australica TARA ILPHFPJJ 	Alteromonas	Alteromonas australica
Alteromonas_sp_SAMEA2622695	Alteromonas sp. TARA NDMJOCCC 	Alteromonas	Alteromonas sp.
Alteromonas_australica_SAMEA2622696	Alteromonas australica TARA FJMHLBNK 	Alteromonas	Alteromonas australica
Alteromonas_macleodii_SAMEA2621232	Alteromonas macleodii TARA EBHOLINI 	Alteromonas	Alteromonas macleodii
Alteromonas_australica_SAMEA2621232	Alteromonas australica TARA LHMCJHIB 	Alteromonas	Alteromonas australica
Alteromonas_australica_SAMEA2621242	Alteromonas australica TARA MFCNHMLF 	Alteromonas	Alteromonas australica
Alteromonas_sp_SAMEA2621204	Alteromonas sp. TARA MFMAAAAC 	Alteromonas	Alteromonas sp.
Alteromonas_australica_SAMEA2621216	Alteromonas australica TARA ANKHBPBN 	Alteromonas	Alteromonas australica
Alteromonas_sp_SAMEA2621216	Alteromonas sp. TARA KOELIADL 	Alteromonas	Alteromonas sp.
Alteromonas_sp_SAMEA2621222	Alteromonas sp. TARA NKFAIACL 	Alteromonas	Alteromonas sp.
Alteromonas_macleodii_SAMEA2621260	Alteromonas macleodii TARA POCDJBFE 	Alteromonas	Alteromonas macleodii
Alteromonas_macleodii_SAMEA2621287	Alteromonas macleodii TARA MNDFFPHI 	Alteromonas	Alteromonas macleodii
Alteromonas_australica_SAMEA2621295	Alteromonas australica TARA EFHEAJNM 	Alteromonas	Alteromonas australica
Alteromonas_macleodii_SAMEA2621423	Alteromonas macleodii TARA ACNBNNHJ 	Alteromonas	Alteromonas macleodii
Alteromonas_sp_SAMEA2621487	Alteromonas sp. TARA JEJEPAEM 	Alteromonas	Alteromonas sp.
Alteromonas_australica_SAMEA2621779	Alteromonas australica TARA AKPKIDGA 	Alteromonas	Alteromonas australica
Alteromonas_sp_SAMEA2621779_BKOBJOML	Alteromonas sp. TARA BKOBJOML 	Alteromonas	Alteromonas sp.
Alteromonas_sp_SAMEA2621779	Alteromonas sp. TARA DHJPEKIP 	Alteromonas	Alteromonas sp.
Alteromonas_australica_SAMEA2621812	Alteromonas australica TARA NKJCGLGA 	Alteromonas	Alteromonas australica
Alteromonas_sp_SAMEA2621839	Alteromonas sp. TARA MGLIPNEN 	Alteromonas	Alteromonas sp.
Alteromonas_macleodii_SAMEA2621839	Alteromonas macleodii TARA PGLOPPIJ 	Alteromonas	Alteromonas macleodii
Alteromonas_australica_SAMEA2622048	Alteromonas australica TARA DBDFGENL 	Alteromonas	Alteromonas australica
Alteromonas_sp_SAMEA2622048	Alteromonas sp. TARA IMLALHCJ 	Alteromonas	Alteromonas sp.
Alteromonas_australica_SAMEA2622074	Alteromonas australica TARA LMCNBJON 	Alteromonas	Alteromonas australica
Alteromonas_australica_SAMEA2622097	Alteromonas australica TARA CBGOIALJ 	Alteromonas	Alteromonas australica
Alteromonas_macleodii_SAMEA2622097	Alteromonas macleodii TARA CJDFGJHP 	Alteromonas	Alteromonas macleodii
Alteromonas_sp_SAMEA2622097	Alteromonas sp. TARA HBPMPIGL 	Alteromonas	Alteromonas sp.
Alteromonas_australica_SAMEA2622119	Alteromonas australica TARA AHJCKKBI 	Alteromonas	Alteromonas australica
Alteromonas_macleodii_SAMEA2622119	Alteromonas macleodii TARA BOODJKMH 	Alteromonas	Alteromonas macleodii
Alteromonas_australica_SAMEA2622149	Alteromonas australica TARA IIKHAJAF 	Alteromonas	Alteromonas australica
Alteromonas_macleodii_SAMEA2622149	Alteromonas macleodii TARA NNHLKHHL 	Alteromonas	Alteromonas macleodii
Alteromonas_sp_SAMEA2622149	Alteromonas sp. TARA PCNPJDCB 	Alteromonas	Alteromonas sp.
Alteromonas_macleodii_SAMEA2622197	Alteromonas macleodii TARA BDHOEKBL 	Alteromonas	Alteromonas macleodii
Alteromonas_australica_SAMEA2622197	Alteromonas australica TARA COANOGOL 	Alteromonas	Alteromonas australica
Alteromonas_sp_SAMEA2622197	Alteromonas sp. TARA GALLFCOI 	Alteromonas	Alteromonas sp.
Alteromonas_sp_SAMEA2622219	Alteromonas sp. TARA IJFLGBIM 	Alteromonas	Alteromonas sp.
Alteromonas_macleodii_SAMEA2622219	Alteromonas macleodii TARA OLKBBLOM 	Alteromonas	Alteromonas macleodii
Alteromonas_macleodii_SAMEA2622336	Alteromonas macleodii TARA IANBPKNL 	Alteromonas	Alteromonas macleodii
Alteromonas_macleodii_SAMEA2622357	Alteromonas macleodii TARA MMNPPCIF 	Alteromonas	Alteromonas macleodii
Alteromonas_sp_SAMEA2622362	Alteromonas sp. TARA AJKIKLCN 	Alteromonas	Alteromonas sp.
Alteromonas_macleodii_SAMEA2622376	Alteromonas macleodii TARA BHCALEEO 	Alteromonas	Alteromonas macleodii
Alteromonas_sp_SAMEA2622376	Alteromonas sp. TARA LCDBHBPD 	Alteromonas	Alteromonas sp.
Alteromonas_australica_SAMEA2622402	Alteromonas australica TARA IKPHBABN 	Alteromonas	Alteromonas australica
Alteromonas_macleodii_SAMEA2622402	Alteromonas macleodii TARA LANBCGIM 	Alteromonas	Alteromonas macleodii
Alteromonas_macleodii_SAMEA2622429	Alteromonas macleodii TARA FNNAGCCN 	Alteromonas	Alteromonas macleodii
Alteromonas_sp_SAMEA2622429	Alteromonas sp. TARA LGIPLECH 	Alteromonas	Alteromonas sp.
Alteromonas_macleodii_SAMEA2622478	Alteromonas macleodii TARA OEBMNELG 	Alteromonas	Alteromonas macleodii
Alteromonas_macleodii_SAMEA2622499	Alteromonas macleodii TARA AGKMCDCN 	Alteromonas	Alteromonas macleodii
Alteromonas_australica_SAMEA2622499	Alteromonas australica TARA BNLJGNGC 	Alteromonas	Alteromonas australica
Alteromonas_macleodii_SAMEA2622545	Alteromonas macleodii TARA KEGJKDAO 	Alteromonas	Alteromonas macleodii
Alteromonas_macleodii_SAMEA2622568	Alteromonas macleodii TARA DIBMGPDO 	Alteromonas	Alteromonas macleodii
Alteromonas_sp_SAMEA2622652	Alteromonas sp. TARA NHABKKKL 	Alteromonas	Alteromonas sp.
Alteromonas_australica_SAMEA2622656	Alteromonas australica TARA ONBBOINN 	Alteromonas	Alteromonas australica
Alteromonas_sp_SAMEA2622658	Alteromonas sp. TARA OHKNJPFH 	Alteromonas	Alteromonas sp.
Alteromonas_australica_SAMEA2622673	Alteromonas australica TARA KABGAJCP 	Alteromonas	Alteromonas australica
Alteromonas_sp_SAMEA2622676	Alteromonas sp. TARA BIMHMBHP 	Alteromonas	Alteromonas sp.
Alteromonas_macleodii_SAMEA2622676	Alteromonas macleodii TARA KGFLKMBD 	Alteromonas	Alteromonas macleodii
Alteromonas_sp_SAMEA2622677	Alteromonas sp. TARA JBANDMDG 	Alteromonas	Alteromonas sp.
Alteromonas_macleodii_SAMEA2622677	Alteromonas macleodii TARA NFILEFMO 	Alteromonas	Alteromonas macleodii
Alteromonas_australica_SAMEA2622678	Alteromonas australica TARA EMNMIPDN 	Alteromonas	Alteromonas australica
Alteromonas_macleodii_SAMEA2622678	Alteromonas macleodii TARA NJLMMAFG 	Alteromonas	Alteromonas macleodii
Alteromonas_australica_SAMEA2622690	Alteromonas australica TARA DLAHHAJP 	Alteromonas	Alteromonas australica
Alteromonas_sp_SAMEA2622690	Alteromonas sp. TARA ILHJBOEO 	Alteromonas	Alteromonas sp.
Alteromonas_macleodii_SAMEA2622694	Alteromonas macleodii TARA CCCHGPBM 	Alteromonas	Alteromonas macleodii
Alteromonas_sp_SAMEA2622694	Alteromonas sp. TARA CMKJNKIK 	Alteromonas	Alteromonas sp.
Alteromonas_australica_SAMN05326644	Alteromonas australica TARA PON00061	Alteromonas	Alteromonas australica
Alteromonas_sp_SAMN05326645	Alteromonas sp. TARA PSE00118	Alteromonas	Alteromonas sp.
Alteromonas_sp_SAMN05326649	Alteromonas sp. TARA SOC00002	Alteromonas	Alteromonas sp.
Alteromonas_mediterranea_SAMN05326650	Alteromonas mediterranea TARA MED00137	Alteromonas	Alteromonas mediterranea
Alteromonas_macleodii_SAMEA2622696	Alteromonas macleodii TARA PINHKBMF	Alteromonas	Alteromonas macleodii
Alteromonas_australica_SAMEA2622716	Alteromonas australica TARA EODCONKG	Alteromonas	Alteromonas australica
Alteromonas_macleodii_SAMEA2622716	Alteromonas macleodii TARA FPHJFONJ	Alteromonas	Alteromonas macleodii
Alteromonas_sp_SAMEA2622716	Alteromonas sp. TARA LLMPBKJB	Alteromonas	Alteromonas sp.
Alteromonas_macleodii_SAMEA2622733	Alteromonas macleodii TARA LJOLBPGP	Alteromonas	Alteromonas macleodii
Alteromonas_sp_SAMEA2622733	Alteromonas sp. TARA NOPBGIBP	Alteromonas	Alteromonas sp.
Alteromonas_macleodii_SAMEA2622736	Alteromonas macleodii TARA KEKDHEDF	Alteromonas	Alteromonas macleodii
Alteromonas_australica_SAMEA2622737	Alteromonas australica TARA EHIMIIMP	Alteromonas	Alteromonas australica
Alteromonas_sp_SAMEA2622737	Alteromonas sp. TARA KJIKBCNM	Alteromonas	Alteromonas sp.
Alteromonas_macleodii_SAMEA2622737	Alteromonas macleodii TARA MKACOKCB	Alteromonas	Alteromonas macleodii
Alteromonas_macleodii_SAMEA2622738	Alteromonas macleodii TARA BIOCPOLN	Alteromonas	Alteromonas macleodii
Alteromonas_australica_SAMEA2622738	Alteromonas australica TARA JDKGJOOG	Alteromonas	Alteromonas australica
Alteromonas_macleodii_SAMEA2622763	Alteromonas macleodii TARA MBGICCKG	Alteromonas	Alteromonas macleodii
Alteromonas_macleodii_SAMEA2622765	Alteromonas macleodii TARA HBCOMCNP	Alteromonas	Alteromonas macleodii
Alteromonas_sp_SAMEA2622765	Alteromonas sp. TARA KBIKNAHF	Alteromonas	Alteromonas sp.
Alteromonas_macleodii_SAMEA2622799	Alteromonas macleodii TARA POKHDFDG	Alteromonas	Alteromonas macleodii
Alteromonas_macleodii_SAMEA2622800	Alteromonas macleodii TARA PLGNBFNB	Alteromonas	Alteromonas macleodii
Alteromonas_sp_SAMEA2622801	Alteromonas sp. TARA IFPFBHNC	Alteromonas	Alteromonas sp.
Alteromonas_australica_SAMEA2622801	Alteromonas australica TARA LFPDDPPB	Alteromonas	Alteromonas australica
Alteromonas_macleodii_SAMEA2622801	Alteromonas macleodii TARA OACOIKDG	Alteromonas	Alteromonas macleodii
Alteromonas_macleodii_SAMEA2622821	Alteromonas macleodii TARA DGNNOPLM	Alteromonas	Alteromonas macleodii
Alteromonas_macleodii_SAMEA2622823	Alteromonas macleodii TARA GLPNBIDC	Alteromonas	Alteromonas macleodii
Alteromonas_australica_SAMEA2622823	Alteromonas australica TARA PBNJCJBB	Alteromonas	Alteromonas australica
Alteromonas_macleodii_SAMEA2622837	Alteromonas macleodii TARA AJLMAJKC	Alteromonas	Alteromonas macleodii
Alteromonas_sp_SAMEA2622843	Alteromonas sp. TARA DPGBJJPG	Alteromonas	Alteromonas sp.
Alteromonas_macleodii_SAMEA2622843	Alteromonas macleodii TARA KKMNMCOG	Alteromonas	Alteromonas macleodii
Alteromonas_australica_SAMEA2622923	Alteromonas australica TARA FFMAPNPA	Alteromonas	Alteromonas australica
Alteromonas_sp_SAMEA2622923	Alteromonas sp. TARA HGEKPCMK	Alteromonas	Alteromonas sp.
Alteromonas_macleodii_SAMEA2622923	Alteromonas macleodii TARA PHDMIKKF	Alteromonas	Alteromonas macleodii
Alteromonas_macleodii_SAMEA2623098	Alteromonas macleodii TARA BOAFAAIF	Alteromonas	Alteromonas macleodii
Alteromonas_sp_SAMEA2623098	Alteromonas sp. TARA EGJHKEDJ	Alteromonas	Alteromonas sp.
Alteromonas_australica_SAMEA2623135	Alteromonas australica TARA DJILNNCH	Alteromonas	Alteromonas australica
Alteromonas_macleodii_SAMEA2623155	Alteromonas macleodii TARA HDJJLLJM	Alteromonas	Alteromonas macleodii
Alteromonas_australica_SAMEA2623295	Alteromonas australica TARA JAJGGAMP	Alteromonas	Alteromonas australica
Alteromonas_macleodii_SAMEA2623295	Alteromonas macleodii TARA KGDGGJKN	Alteromonas	Alteromonas macleodii
Alteromonas_macleodii_SAMEA2623314	Alteromonas macleodii TARA CFMLMODN	Alteromonas	Alteromonas macleodii
Alteromonas_sp_SAMEA2623314	Alteromonas sp. TARA DIEBDOOH	Alteromonas	Alteromonas sp.
Alteromonas_australica_SAMEA2623314	Alteromonas australica TARA DPHFBFLK	Alteromonas	Alteromonas australica
Alteromonas_macleodii_SAMEA2623370	Alteromonas macleodii TARA BGGPHFHM	Alteromonas	Alteromonas macleodii
Alteromonas_macleodii_SAMEA2623390	Alteromonas macleodii TARA LDEBDOEH	Alteromonas	Alteromonas macleodii
Alteromonas_australica_SAMEA2623426	Alteromonas australica TARA KGGHKKNJ	Alteromonas	Alteromonas australica
Alteromonas_macleodii_SAMEA2623513	Alteromonas macleodii TARA EOFNCJHB	Alteromonas	Alteromonas macleodii
Alteromonas_australica_SAMEA2623513	Alteromonas australica TARA PGGKNGAJ	Alteromonas	Alteromonas australica
Alteromonas_macleodii_SAMEA2623649	Alteromonas macleodii TARA NIKIPLNN	Alteromonas	Alteromonas macleodii
Alteromonas_macleodii_SAMEA2623756	Alteromonas macleodii TARA DMBINDKP	Alteromonas	Alteromonas macleodii
Alteromonas_australica_SAMEA2623794	Alteromonas australica TARA GMMKMDFK	Alteromonas	Alteromonas australica
Alteromonas_macleodii_SAMEA2623794	Alteromonas macleodii TARA NBFOODCE	Alteromonas	Alteromonas macleodii
Alteromonas_australica_SAMEA2623826	Alteromonas australica TARA OCIHHAIO	Alteromonas	Alteromonas australica
Alteromonas_naphthalenivorans_SAMEA4396515	Alteromonas naphthalenivorans TARA LLIFOMKD	Alteromonas	Alteromonas naphthalenivorans
Alteromonas_naphthalenivorans_SAMEA4397023	Alteromonas naphthalenivorans TARA BMLDLMJI	Alteromonas	Alteromonas naphthalenivorans
Alteromonas_naphthalenivorans_SAMEA4397091	Alteromonas naphthalenivorans TARA OHBHGPGP	Alteromonas	Alteromonas naphthalenivorans
Alteromonas_naphthalenivorans_SAMEA4397157	Alteromonas naphthalenivorans TARA EIKGCICO	Alteromonas	Alteromonas naphthalenivorans
Alteromonas_naphthalenivorans_SAMEA4397278	Alteromonas naphthalenivorans TARA MPBNPLCD	Alteromonas	Alteromonas naphthalenivorans
Alteromonas_naphthalenivorans_SAMEA4397516	Alteromonas naphthalenivorans TARA ODHMDPHJ	Alteromonas	Alteromonas naphthalenivorans
Alteromonas_naphthalenivorans_SAMEA4397536	Alteromonas naphthalenivorans TARA JOOLCOKF	Alteromonas	Alteromonas naphthalenivorans
Alteromonas_naphthalenivorans_SAMEA4398001	Alteromonas naphthalenivorans TARA GALICGPG	Alteromonas	Alteromonas naphthalenivorans
Alteromonas_naphthalenivorans_SAMEA4398193	Alteromonas naphthalenivorans TARA IINLEEHA	Alteromonas	Alteromonas naphthalenivorans
Alteromonas_sp_SAMN05326640	Alteromonas sp. TARA ANE00087	Alteromonas	Alteromonas sp.
